calendarYear,revenue,costOfRevenue,grossProfit,grossProfitRatio,researchAndDevelopmentExpenses,sellingAndMarketingExpenses,sellingGeneralAndAdministrativeExpenses,otherExpenses,operatingExpenses,costAndExpenses,interestIncome,interestExpense,depreciationAndAmortization,ebitda,ebitdaratio,operatingIncome,totalOtherIncomeExpensesNet,incomeBeforeTax,incomeBeforeTaxRatio,incomeTaxExpense,netIncome,netIncomeRatio,weightedAverageShsOutDil,dividendsPaid
2023,17198800000,9953400000,7245400000,0.421273577,0,0,3551400000,50800000,3551400000,13504800000,962900000,253300000,549300000,5257000000,0.30566086,4471100000,34000000,4437600000,0.258018001,1025600000,776700000,0.198385934,415700000,-517500000.0
2022,16046500000,9461900000,6584600000,0.410344935,0,0,3233200000,61700000,3233200000,12695100000,492800000,81900000,515100000,4421000000,0.275511794,3905900000,-101800000,3804100000,0.237067273,855200000,2948900000,0.183772162,421100000,
2021,14583000000,8640300000,5942700000,0.407508743,0,0,3040500000,58600000,3040500000,11680800000,458900000,59700000,510700000,3930400000,0.269519303,3419700000,-58500000,3361200000,0.230487554,762700000,2598500000,0.17818693,428100000,
2020,14044600000,8445100000,5599500000,0.39869416,0,0,3003000000,74500000,3003000000,11448100000,629700000,107100000,480000000,3780700000,0.26919243,3300700000,-118100000,3182600000,0.226606667,716100000,2466500000,0.175619099,432700000,
2019,13613300000,8086600000,5526700000,0.405977977,0,0,3064200000,6700000,3064200000,11150800000,659500000,129900000,409000000,3537700000,0.259870862,3128700000,-123100000,3005600000,0.220784086,712800000,2292800000,0.168423527,437600000,
