calendarYear,revenue,costOfRevenue,grossProfit,grossProfitRatio,researchAndDevelopmentExpenses,sellingAndMarketingExpenses,sellingGeneralAndAdministrativeExpenses,otherExpenses,operatingExpenses,costAndExpenses,interestIncome,interestExpense,depreciationAndAmortization,ebitda,ebitdaratio,operatingIncome,totalOtherIncomeExpensesNet,incomeBeforeTax,incomeBeforeTaxRatio,incomeTaxExpense,netIncome,netIncomeRatio,weightedAverageShsOutDil,dividendsPaid
2023,22680000000,12220000000,10460000000,0.461199295,5872000000,0,2352000000,0,8224000000,20444000000,0,-106000000,0,401000000,0.017680776,401000000,91000000,492000000,0.021693122,-362000000,667000000,0.037654321,1625000000,0.0
2022,23601000000,12998000000,10603000000,0.449260625,5005000000,0,2336000000,1998000000,9339000000,22337000000,65000000,88000000,2108000000,3372000000,0.142875302,1264000000,-80000000,1184000000,0.050167366,-122000000,1320000000,0.055929834,1571000000,
2021,16434000000,8505000000,7929000000,0.482475356,2845000000,0,1448000000,-12000000,4281000000,12786000000,8000000,34000000,55000000,3703000000,0.225325545,3648000000,21000000,3669000000,0.223256663,513000000,3162000000,0.192405988,1229000000,
2020,9763000000,5416000000,4347000000,0.445252484,1983000000,0,995000000,-47000000,2978000000,8394000000,8000000,47000000,354000000,1322000000,0.135409198,968000000,307000000,1275000000,0.130595104,-1210000000,2490000000,0.255044556,1207000000,
2019,6731000000,3863000000,2868000000,0.426088248,1547000000,0,750000000,-60000000,2237000000,6100000000,15000000,94000000,258000000,466000000,0.069231912,208000000,164000000,372000000,0.055266677,31000000,341000000,0.05066112,1120000000,
