calendarYear,revenue,costOfRevenue,grossProfit,grossProfitRatio,researchAndDevelopmentExpenses,sellingAndMarketingExpenses,sellingGeneralAndAdministrativeExpenses,otherExpenses,operatingExpenses,costAndExpenses,interestIncome,interestExpense,depreciationAndAmortization,ebitda,ebitdaratio,operatingIncome,totalOtherIncomeExpensesNet,incomeBeforeTax,incomeBeforeTaxRatio,incomeTaxExpense,netIncome,netIncomeRatio,weightedAverageShsOutDil,dividendsPaid
2023,307394000000.0,133332000000.0,174062000000.0,0.56625048,45427000000,27917000000,44342000000,556000000,89769000000,223101000000.0,3865000000,308000000,11946000000,96239000000,0.313080281,84293000000,-2133000000,85717000000,0.278850596,11922000000,20687000000,0.240066495,12722000000,0.0
2022,282836000000.0,126203000000.0,156633000000.0,0.553794425,39500000000,26567000000,42291000000,-3514000000,81791000000,207994000000.0,2174000000,357000000,15928000000,90770000000,0.320928029,74842000000,-3514000000,71328000000,0.252188547,11356000000,59972000000,0.212038072,13159000000,
2021,257637000000.0,110939000000.0,146698000000.0,0.569398029,31562000000,22912000000,36422000000,12020000000,67984000000,178923000000.0,1499000000,346000000,12441000000,91155000000,0.353811758,78714000000,12020000000,90734000000,0.352177676,14701000000,76033000000,0.295116773,13553473900,
2020,182527000000.0,84732000000.0,97795000000.0,0.535783747,27573000000,17946000000,28998000000,6858000000,56571000000,141303000000.0,1865000000,135000000,13697000000,54921000000,0.300892471,41224000000,6858000000,48082000000,0.263424041,7813000000,40269000000,0.220619415,13740553816,
2019,161857000000.0,71896000000.0,89961000000.0,0.555805433,26018000000,18464000000,28015000000,5394000000,54033000000,125929000000.0,2427000000,100000000,15175000000,49406000000,0.305244753,34231000000,5394000000,39625000000,0.244814867,5282000000,34343000000,0.212181123,13971114411,
