calendarYear,revenue,costOfRevenue,grossProfit,grossProfitRatio,researchAndDevelopmentExpenses,sellingAndMarketingExpenses,sellingGeneralAndAdministrativeExpenses,otherExpenses,operatingExpenses,costAndExpenses,interestIncome,interestExpense,depreciationAndAmortization,ebitda,ebitdaratio,operatingIncome,totalOtherIncomeExpensesNet,incomeBeforeTax,incomeBeforeTaxRatio,incomeTaxExpense,netIncome,netIncomeRatio,weightedAverageShsOutDil,dividendsPaid
2023,29771000000,16067000000,13704000000,0.460313728,2973000000,1809000000,3868000000,49000000,8760000000,24827000000,480000000,347000000,1072000000,6545000000,0.219844815,5028000000,334000000,5411000000,0.181754056,1165000000,1402000000,0.142622015,1107000000,-699000000.0
2022,27518000000,13745000000,13773000000,0.500508758,3253000000,2257000000,4356000000,2120000000,9729000000,23474000000,174000000,304000000,1661000000,5498000000,0.199796497,3837000000,-471000000,3366000000,0.122319936,947000000,2419000000,0.087906098,1158000000,
2021,25371000000,11375000000,13996000000,0.551653463,3038000000,2445000000,4559000000,2075000000,9672000000,21047000000,57000000,232000000,1350000000,5612000000,0.22119743,4262000000,-163000000,4099000000,0.161562414,-70000000,4169000000,0.164321469,1186000000,
2020,21454000000,9675000000,11779000000,0.549035145,2642000000,1861000000,5709000000,-17000000,8351000000,18026000000,88000000,209000000,1399000000,4688000000,0.21851403,3289000000,1776000000,5065000000,0.236086511,863000000,4202000000,0.195860912,1187000000,
2019,17772000000,8170000000,9602000000,0.540288094,2085000000,1401000000,4727000000,279000000,6812000000,14982000000,197000000,115000000,1054000000,3773000000,0.212300248,2719000000,279000000,2998000000,0.168692325,539000000,2459000000,0.138363718,1188000000,
