calendarYear,revenue,costOfRevenue,grossProfit,grossProfitRatio,researchAndDevelopmentExpenses,sellingAndMarketingExpenses,sellingGeneralAndAdministrativeExpenses,otherExpenses,operatingExpenses,costAndExpenses,interestIncome,interestExpense,depreciationAndAmortization,ebitda,ebitdaratio,operatingIncome,totalOtherIncomeExpensesNet,incomeBeforeTax,incomeBeforeTaxRatio,incomeTaxExpense,netIncome,netIncomeRatio,weightedAverageShsOutDil,dividendsPaid
2023,54228000000,32517000000,21711000000,0.400365125,16046000000,0,5634000000,0,21680000000,54197000000,0,0,0,93000000,0.001714981,93000000,669000000,762000000,0.014051781,-927000000,2669000000,0.031146271,4212000000,0.0
2022,63054000000,36188000000,26866000000,0.426079234,17528000000,0,7002000000,2000000,24530000000,60718000000,1166000000,496000000,13035000000,11105000000,0.176118882,-1930000000,9698000000,7768000000,0.123195991,-249000000,8014000000,0.127097409,4123000000,
2021,79024000000,35209000000,43815000000,0.554451812,15190000000,0,6543000000,2626000000,21733000000,56942000000,144000000,597000000,17044000000,36500000000,0.461884997,19456000000,2247000000,21703000000,0.274638085,1835000000,19868000000,0.251417291,4090000000,
2020,77867000000,34255000000,43612000000,0.560083219,13556000000,0,6180000000,-147000000,19736000000,53991000000,272000000,504000000,14341000000,38019000000,0.488255615,23678000000,1400000000,25078000000,0.322061978,4179000000,20899000000,0.268393543,4232000000,
2019,71965000000,29825000000,42140000000,0.585562426,13362000000,0,6150000000,200000000,19712000000,49537000000,483000000,489000000,11612000000,33647000000,0.467546724,22035000000,2023000000,24058000000,0.334301397,3010000000,21048000000,0.292475509,4473000000,
