calendarYear,revenue,costOfRevenue,grossProfit,grossProfitRatio,researchAndDevelopmentExpenses,sellingAndMarketingExpenses,sellingGeneralAndAdministrativeExpenses,otherExpenses,operatingExpenses,costAndExpenses,interestIncome,interestExpense,depreciationAndAmortization,ebitda,ebitdaratio,operatingIncome,totalOtherIncomeExpensesNet,incomeBeforeTax,incomeBeforeTaxRatio,incomeTaxExpense,netIncome,netIncomeRatio,weightedAverageShsOutDil,dividendsPaid
2023,26974000000,11618000000,15356000000,0.569288945,7339000000,0,2440000000,-48000000,9779000000,21397000000,267000000,262000000,1544000000,7340000000,0.272113887,4224000000,-1615000000,4181000000,0.155001112,-187000000,1414000000,0.161933714,2507000000,-98000000.0
2022,26914000000,9439000000,17475000000,0.649290332,5268000000,0,2166000000,107000000,7434000000,16873000000,29000000,236000000,1310000000,11351000000,0.421750762,10041000000,-100000000,9941000000,0.369361671,189000000,9752000000,0.362339303,2535000000,
2021,16675000000,6279000000,10396000000,0.623448276,3924000000,0,1940000000,4000000,5864000000,12143000000,57000000,184000000,1159000000,5691000000,0.341289355,4532000000,-123000000,4409000000,0.264407796,77000000,4332000000,0.259790105,2512000000,
2020,10918000000,4150000000,6768000000,0.619893753,2829000000,0,1093000000,-2000000,3922000000,8072000000,178000000,52000000,557000000,3403000000,0.311687122,2846000000,124000000,2970000000,0.272027844,174000000,2796000000,0.256090859,2472000000,
