calendarYear,revenue,costOfRevenue,grossProfit,grossProfitRatio,researchAndDevelopmentExpenses,sellingAndMarketingExpenses,sellingGeneralAndAdministrativeExpenses,otherExpenses,operatingExpenses,costAndExpenses,interestIncome,interestExpense,depreciationAndAmortization,ebitda,ebitdaratio,operatingIncome,totalOtherIncomeExpensesNet,incomeBeforeTax,incomeBeforeTaxRatio,incomeTaxExpense,netIncome,netIncomeRatio,weightedAverageShsOutDil,dividendsPaid
2023,33723297000,19715368000,14007929000,0.415378396,2675758000,2657883000,4378168000,0,7053926000,26769294000,0,748598000,14554384000,21508387000,0.63779016,6954003000,-748598000,6205405000,0.18400944,797415000,937838000,0.16036362,449498000,0.0
2022,31615550000,19168285000,12447265000,0.393707052,2711041000,2530502000,4103393000,0,6814434000,25982719000,337310000,706212000,14700124000,20332955000,0.643131465,5632831000,-368902000,5263929000,0.1664981,772005000,4491924000,0.142079578,451290000,
2021,29697844000,17332683000,12365161000,0.416365612,2273885000,2545146000,3896767000,0,6170652000,23503335000,411214000,765620000,12849993000,19044502000,0.641275575,6194509000,-354406000,5840103000,0.19665074,723875000,5116228000,0.172276075,455372000,
2020,24996056000,15276319000,9719737000,0.388850825,1829600000,2228362000,3304848000,0,5134448000,20410767000,0,1385940000,10922622000,15507911000,0.620414317,4585289000,-1385940000,3199349000,0.127994152,437954000,2761395000,0.110473228,454208000,
2019,20156447000,12440213000,7716234000,0.38281717,1545149000,2652462000,3566831000,0,5111980000,17552193000,84000000,626023000,9403826000,12008080000,0.595743883,2604254000,-542023000,2062231000,0.102311236,195315000,1866916000,0.092621284,451765000,
