calendarYear,revenue,costOfRevenue,grossProfit,grossProfitRatio,researchAndDevelopmentExpenses,sellingAndMarketingExpenses,sellingGeneralAndAdministrativeExpenses,otherExpenses,operatingExpenses,costAndExpenses,interestIncome,interestExpense,depreciationAndAmortization,ebitda,ebitdaratio,operatingIncome,totalOtherIncomeExpensesNet,incomeBeforeTax,incomeBeforeTaxRatio,incomeTaxExpense,netIncome,netIncomeRatio,weightedAverageShsOutDil,dividendsPaid
2023,96773000000,79113000000,17660000000,0.182488917,3969000000,0,4800000000,0,8597000000,87710000000,910000000,0,4667000000,13558000000,0.140101061,8891000000,1082000000,9973000000,0.103055604,5001000000,7930000000,0.154991578,3485000000,0.0
2022,81462000000,60609000000,20853000000,0.255984385,3075000000,0,3946000000,-43000000,7021000000,67630000000,297000000,191000000,4177000000,17833000000,0.218911885,13656000000,63000000,13719000000,0.168409811,1132000000,12583000000,0.154464658,3475000000,
2021,53823000000,40217000000,13606000000,0.252791558,2593000000,0,4517000000,135000000,7110000000,47327000000,56000000,371000000,2911000000,9598000000,0.178325251,6687000000,-344000000,6343000000,0.117849247,699000000,5519000000,0.102539806,3387000000,
2020,31536000000,24906000000,6630000000,0.210235921,1491000000,0,3145000000,-122000000,4636000000,29542000000,30000000,748000000,2230000000,4224000000,0.133942161,1994000000,-840000000,1154000000,0.0365931,292000000,690000000,0.021879757,3249000000,
2019,24578000000,20509000000,4069000000,0.165554561,1343000000,0,2646000000,45000000,3989000000,24498000000,44000000,685000000,2154000000,2323000000,0.09451542,169000000,-834000000,-665000000,-0.027056717,110000000,-775000000,-0.031532265,2661000000,
