calendarYear,revenue,costOfRevenue,grossProfit,grossProfitRatio,researchAndDevelopmentExpenses,sellingAndMarketingExpenses,sellingGeneralAndAdministrativeExpenses,otherExpenses,operatingExpenses,costAndExpenses,interestIncome,interestExpense,depreciationAndAmortization,ebitda,ebitdaratio,operatingIncome,totalOtherIncomeExpensesNet,incomeBeforeTax,incomeBeforeTaxRatio,incomeTaxExpense,netIncome,netIncomeRatio,weightedAverageShsOutDil,dividendsPaid
2023,35820000000,15869000000,19951000000,0.556979341,8818000000,0,2483000000,86000000,12163000000,28032000000,313000000,694000000,1809000000,9597000000,0.267922948,7788000000,349000000,7443000000,0.207788945,104000000,1489000000,0.201898381,1126000000,-893000000.0
2022,44200000000,18635000000,25565000000,0.578393665,8194000000,0,2570000000,-1059000000,9705000000,28340000000,91000000,490000000,1705000000,17565000000,0.39739819,15860000000,-862000000,14998000000,0.339321267,2012000000,12936000000,0.292669683,1137000000,
2021,33566000000,14262000000,19304000000,0.575105762,7176000000,0,2339000000,130000000,9515000000,23777000000,83000000,559000000,1582000000,11371000000,0.338765417,9789000000,485000000,10274000000,0.306083537,1231000000,9043000000,0.269409522,1149000000,
2020,23531000000,9255000000,14276000000,0.606689049,5975000000,0,2074000000,-28000000,8021000000,17276000000,156000000,602000000,1393000000,7648000000,0.325018061,6255000000,-536000000,5719000000,0.243041095,521000000,5198000000,0.220900089,1149000000,
2019,24273000000,8599000000,15674000000,0.645738063,5398000000,0,2195000000,414000000,8007000000,16606000000,316000000,627000000,1401000000,9068000000,0.373583817,7667000000,-186000000,7481000000,0.30820253,3095000000,4386000000,0.180694599,1220000000,
