calendarYear,revenue,costOfRevenue,grossProfit,grossProfitRatio,researchAndDevelopmentExpenses,sellingAndMarketingExpenses,sellingGeneralAndAdministrativeExpenses,otherExpenses,operatingExpenses,costAndExpenses,interestIncome,interestExpense,depreciationAndAmortization,ebitda,ebitdaratio,operatingIncome,totalOtherIncomeExpensesNet,incomeBeforeTax,incomeBeforeTaxRatio,incomeTaxExpense,netIncome,netIncomeRatio,weightedAverageShsOutDil,dividendsPaid
2023,383000000000.0,214000000000.0,169000000000.0,0.441311296,29915000000,0,24932000000,-565000000,54847000000,269000000000.0,3750000000,3933000000,11519000000,126000000000.0,0.328267477,114000000000.0,-565000000,114000000000.0,0.296740024,16741000000,22956000000,0.253062343,15812547000,-3758000000.0
2022,394000000000.0,224000000000.0,171000000000.0,0.433096306,26251000000,0,25094000000,-334000000,51345000000,275000000000.0,2825000000,2931000000,11104000000,131000000000.0,0.331046743,119000000000.0,-334000000,119000000000.0,0.302040433,19300000000,99803000000,0.253096407,16325819000,
2021,366000000000.0,213000000000.0,153000000000.0,0.417793596,21914000000,0,21973000000,258000000,43887000000,257000000000.0,2843000000,2645000000,11284000000,120000000000.0,0.328669799,109000000000.0,258000000,109000000000.0,0.298529046,14527000000,94680000000,0.258817934,16864919000,
2020,275000000000.0,170000000000.0,105000000000.0,0.382332477,18752000000,0,19916000000,803000000,38668000000,208000000000.0,3763000000,2873000000,11056000000,77344000000.0,0.28174781,66288000000.0,803000000,67091000000.0,0.244398303,9680000000,57411000000,0.209136113,17528214000,
2019,260000000000.0,162000000000.0,98392000000.0,0.378177681,16217000000,0,18245000000,1807000000,34462000000,196000000000.0,4961000000,3576000000,12547000000,76477000000.0,0.29394559,63930000000.0,1807000000,65737000000.0,0.252665524,10481000000,55256000000,0.212380945,18595652000,
